ULAN_ID,Name,Company,Sector,Subsector
none,"Adams, Edward D.",Niagara Falls Hydraulic Power and Manufacturing Company,Sector 22-Utilities,Subsector 221-Utilities
none,"Adams, Edward D.",T.J. Lee & Hill,Sector 52-Finance and Insurance,"Subsector 523-Securities, Commodity Contracts, and Other Financial Investments and Related Activities"
none,"Adams, Edward D.","Winslow, Lanier, & Co",Sector 52-Finance and Insurance,"Subsector 523-Securities, Commodity Contracts, and Other Financial Investments and Related Activities"
none,"Adams, Edward D.",Missouri Pacific Railroad Consolidated Mortgage,Sector 48-49-Transportation and Warehousing,Subsector 482-Rail Transportation
none,"Adams, Edward D.",Northern Pacific Terminal Company of Oregon,Sector 48-49-Transportation and Warehousing,Subsector 482-Rail Transportation
none,"Adams, Edward D.",Edison Illuminating Company,Sector 31-33-Manufacturing,"Subsector 335-Electrical Equipment, Appliance, and Component Manufacturing"
none,"Adams, Edward D.",St. Paul and Northern Pacific Railway Company,Sector 48-49-Transportation and Warehousing,Subsector 482-Rail Transportation
none,"Adams, Edward D.","New York, Ontario and Western Railway",Sector 48-49-Transportation and Warehousing,Subsector 482-Rail Transportation
none,"Adams, Edward D.",Central and South American Telegraph Company,Sector 48-49-Transportation and Warehousing,Subsector 492-Couriers and Messengers
none,"Adams, Edward D.","All America Cables, Inc",Sector 48-49-Transportation and Warehousing,Subsector 492-Couriers and Messengers
none,"Adams, Edward D.",Central Railroad of New Jersey,Sector 48-49-Transportation and Warehousing,Subsector 482-Rail Transportation
none,"Adams, Edward D.",American Cotton Oil Company,Sector 31-33-Manufacturing,Subsector 311-Food Manufacturing
none,"Adams, Edward D.",Cataract Construction Company,Sector 23-Construction,Subsector 236-Construction of Buildings
none,"Adams, Edward D.",Niagara Development Company,Sector 23-Construction,Subsector 236-Construction of Buildings
none,"Adams, Edward D.","Richardson, Hill, &Co. Bankers",Sector 52-Finance and Insurance,Subsector 522-Credit Intermediation and Related Activities
none,"Adams, Edward D.",Western Maryland Railway,Sector 48-49-Transportation and Warehousing,Subsector 482-Rail Transportation
none,"Adams, Edward D.",Clinchfield Coal Corporation,"Sector 21-Mining, Quarrying, and Oil and Gas Extraction",Subsector 212-Mining (except Oil and Gas)
none,"Adams, Edward D.",New Jersey General Security Company,Sector 52-Finance and Insurance,"Subsector 523-Securities, Commodity Contracts, and Other Financial Investments and Related Activities"
none,"Adams, Edward D.",New York and Long Branch Rail Road Company,Sector 48-49-Transportation and Warehousing,Subsector 482-Rail Transportation
none,"Adams, Edward D.",West Virginia Central and Pittsburg Railway,Sector 48-49-Transportation and Warehousing,Subsector 482-Rail Transportation
none,"Adams, Edward D.",Deutsche Bank,Sector 52-Finance and Insurance,Subsector 522-Credit Intermediation and Related Activities
500360341,"Andrews, William Loring",Metropolitan Museum of Art,Sector 51-Information,Subsector 519-Other Information Services
500313673,"Avery, Samuel Putnam",Wood engraver,"Sector 71-Arts, Entertainment, and Recreation","Subsector 711-Performing Arts, Spectator Sports, and Related Industries"
500313673,"Avery, Samuel Putnam",Art dealer,Sector 44-45-Retail Trade,Subsector 453-Miscellaneous Store Retailers
500448264,"Baker, George F.",First National Bank of New York,Sector 52-Finance and Insurance,Subsector 522-Credit Intermediation and Related Activities
500448264,"Baker, George F.",First Security Company,Sector 52-Finance and Insurance,"Subsector 523-Securities, Commodity Contracts, and Other Financial Investments and Related Activities"
500448264,"Baker, George F.",Jersey City Water Supply,Sector 22-Utilities,Subsector 221-Utilities
500448264,"Baker, George F.",United States Steel Corporation,Sector 31-33-Manufacturing,Subsector 331-Primary Metal Manufacturing
500448264,"Baker, George F.",American Telephone & Telegraph,Sector 51-Information,Subsector 517-Telecommunications
500448264,"Baker, George F.",Mutual Life Insurance,Sector 52-Finance and Insurance,Subsector 524-Insurance Carriers and Related Activities
500448264,"Baker, George F.",New York Central Railroad,Sector 48-49-Transportation and Warehousing,Subsector 482-Rail Transportation
500448264,"Baker, George F.",Southern Railway,Sector 48-49-Transportation and Warehousing,Subsector 482-Rail Transportation
500448264,"Baker, George F.",Central Railroad of New Jersey,Sector 48-49-Transportation and Warehousing,Subsector 482-Rail Transportation
500448264,"Baker, George F.",Guaranty Trust Company,Sector 52-Finance and Insurance,Subsector 522-Credit Intermediation and Related Activities
500448264,"Baker, George F.",National Bank of Commerce,Sector 52-Finance and Insurance,Subsector 522-Credit Intermediation and Related Activities
500448264,"Baker, George F.",Chase National Bank,Sector 52-Finance and Insurance,Subsector 522-Credit Intermediation and Related Activities
500448264,"Baker, George F.",Astor Trust Company,Sector 52-Finance and Insurance,Subsector 522-Credit Intermediation and Related Activities
500446555,"Bishop, Heber R.",Bishop and Company,Sector 31-33-Manufacturing,Subsector 311-Food Manufacturing
500446555,"Bishop, Heber R.","Chicago, Rock Island and Pacific Railroad Company",Sector 48-49-Transportation and Warehousing,Subsector 482-Rail Transportation
500446555,"Bishop, Heber R.",Chandler Iron Company,"Sector 21-Mining, Quarrying, and Oil and Gas Extraction",Subsector 212-Mining (except Oil and Gas)
500446555,"Bishop, Heber R.",Metropolitan Trust Company of New York,Sector 52-Finance and Insurance,"Subsector 523-Securities, Commodity Contracts, and Other Financial Investments and Related Activities"
500446555,"Bishop, Heber R.",New York Elevated Railroad,Sector 48-49-Transportation and Warehousing,Subsector 485-Transit and Ground Passenger Transportation
500446555,"Bishop, Heber R.",Manhattan Elevated Railroad,Sector 48-49-Transportation and Warehousing,Subsector 485-Transit and Ground Passenger Transportation
500446555,"Bishop, Heber R.",Lackawanna Iron and Steel Company,Sector 31-33-Manufacturing,Subsector 331-Primary Metal Manufacturing
500446555,"Bishop, Heber R.","St. Paul, Minneapolis, and Omaha Railroad Company",Sector 48-49-Transportation and Warehousing,Subsector 482-Rail Transportation
500446555,"Bishop, Heber R.",Duluth and Iron Range Railroad Company,Sector 48-49-Transportation and Warehousing,Subsector 482-Rail Transportation
500446555,"Bishop, Heber R.",Minnesota Iron Company,"Sector 21-Mining, Quarrying, and Oil and Gas Extraction",Subsector 212-Mining (except Oil and Gas)
500314546,"Blumenthal, George",Continental Fire Insurance Company,Sector 52-Finance and Insurance,Subsector 524-Insurance Carriers and Related Activities
500314546,"Blumenthal, George",Fifth Avenue Bank,Sector 52-Finance and Insurance,Subsector 522-Credit Intermediation and Related Activities
500314546,"Blumenthal, George",Niagara Fire Insurance Company,Sector 52-Finance and Insurance,Subsector 524-Insurance Carriers and Related Activities
500314546,"Blumenthal, George",American Light and Traction Company,Sector 22-Utilities,Subsector 221-Utilities
500314546,"Blumenthal, George","Delaware, Lackawanna, and Western Coal Company","Sector 21-Mining, Quarrying, and Oil and Gas Extraction",Subsector 212-Mining (except Oil and Gas)
500314546,"Blumenthal, George",General Chemical Company,Sector 31-33-Manufacturing,Subsector 325-Chemical Manufacturing
500314546,"Blumenthal, George",Lazard Freres,Sector 52-Finance and Insurance,"Subsector 523-Securities, Commodity Contracts, and Other Financial Investments and Related Activities"
500315918,"Clarke, Thomas B.",Clarke and King,Sector 31-33-Manufacturing,Subsector 315-Apparel Manufacturing
500315918,"Clarke, Thomas B.",The Art House,Sector 44-45-Retail Trade,Subsector 453-Miscellaneous Store Retailers
500443803,"Davis, Theodore M.",New York State Bar,"Sector 54-Professional, Scientific, and Technical Services","Subsector 541-Professional, Scientific, and Technical Services"
500443803,"Davis, Theodore M.",Egyptologist,"Sector 71-Arts, Entertainment, and Recreation","Subsector 712-Museums, Historical Sites, and Similar Institutions"
500443803,"Davis, Theodore M.",Chapin Mine,"Sector 21-Mining, Quarrying, and Oil and Gas Extraction",Subsector 212-Mining (except Oil and Gas)
500443803,"Davis, Theodore M.",Ocean National Bank,Sector 52-Finance and Insurance,Subsector 522-Credit Intermediation and Related Activities
500443803,"Davis, Theodore M.",The Norway Mine,"Sector 21-Mining, Quarrying, and Oil and Gas Extraction",Subsector 212-Mining (except Oil and Gas)
500443803,"Davis, Theodore M.",New Vulcan Mine,"Sector 21-Mining, Quarrying, and Oil and Gas Extraction",Subsector 212-Mining (except Oil and Gas)
500443803,"Davis, Theodore M.",The Cyclops Mine,"Sector 21-Mining, Quarrying, and Oil and Gas Extraction",Subsector 212-Mining (except Oil and Gas)
500443803,"Davis, Theodore M.",The Curry Mine,"Sector 21-Mining, Quarrying, and Oil and Gas Extraction",Subsector 212-Mining (except Oil and Gas)
500443803,"Davis, Theodore M.",The Ludington Mine,"Sector 21-Mining, Quarrying, and Oil and Gas Extraction",Subsector 212-Mining (except Oil and Gas)
500443803,"Davis, Theodore M.","Lake Superior Ship Canal, Railway, and Iron Company","Sector 21-Mining, Quarrying, and Oil and Gas Extraction",Subsector 212-Mining (except Oil and Gas)
500447606,"Fahnestock, Harris Charles",Washington and Georgetown Line,Sector 48-49-Transportation and Warehousing,Subsector 482-Rail Transportation
500447606,"Fahnestock, Harris Charles",Jay Cooke and Company,Sector 52-Finance and Insurance,Subsector 522-Credit Intermediation and Related Activities
500447606,"Fahnestock, Harris Charles",First National Bank of New York,Sector 52-Finance and Insurance,Subsector 522-Credit Intermediation and Related Activities
500447606,"Fahnestock, Harris Charles",Southern Railway,Sector 48-49-Transportation and Warehousing,Subsector 482-Rail Transportation
500447606,"Fahnestock, Harris Charles","Delaware, Lackawanna and Western Railroad",Sector 48-49-Transportation and Warehousing,Subsector 482-Rail Transportation
500447606,"Fahnestock, Harris Charles",Central Railroad of New Jersey,Sector 48-49-Transportation and Warehousing,Subsector 482-Rail Transportation
500447606,"Fahnestock, Harris Charles",American Cotton Oil Company,Sector 31-33-Manufacturing,Subsector 311-Food Manufacturing
500447606,"Fahnestock, Harris Charles",Western Union Telegraph Company,Sector 51-Information,Subsector 517-Telecommunications
500447606,"Fahnestock, Harris Charles",East Jersey Water Company,Sector 22-Utilities,Subsector 221-Utilities
500447606,"Fahnestock, Harris Charles",Montclair Water Company,Sector 22-Utilities,Subsector 221-Utilities
500274405,"Frick, Henry Clay (NY)",H. C. Frick Coke Company,"Sector 21-Mining, Quarrying, and Oil and Gas Extraction",Subsector 212-Mining (except Oil and Gas)
500274405,"Frick, Henry Clay (NY)",Carnegie Brothers Steel Company,Sector 31-33-Manufacturing,Subsector 331-Primary Metal Manufacturing
500274405,"Frick, Henry Clay (NY)",United States Steel Corporation,Sector 31-33-Manufacturing,Subsector 331-Primary Metal Manufacturing
500274405,"Frick, Henry Clay (NY)",Union Trust Company of Pittsburgh,Sector 52-Finance and Insurance,"Subsector 525-Funds, Trusts, and Other Financial Vehicles"
500274405,"Frick, Henry Clay (NY)",Cerro de Pasco Corporation,"Sector 21-Mining, Quarrying, and Oil and Gas Extraction",Subsector 212-Mining (except Oil and Gas)
500274405,"Frick, Henry Clay (NY)",A. Overholt and Company,Sector 31-33-Manufacturing,Subsector 312-Beverage and Tobacco Product Manufacturing
500447886,"Hearn, George A.",James A Hearn and Sons,Sector 42-Wholesale Trade,"Subsector 424-Merchant Wholesalers, Nondurable Goods"
500447057,"Hoagland, Joseph Christoffel",Royal Baking Powder Company,Sector 31-33-Manufacturing,Subsector 311-Food Manufacturing
500447057,"Hoagland, Joseph Christoffel",New York Tartar Company,Sector 31-33-Manufacturing,Subsector 311-Food Manufacturing
500447981,"Layton, Frederick",Layton and Plankinton,Sector 31-33-Manufacturing,Subsector 311-Food Manufacturing
500447981,"Layton, Frederick",Layton and Company,Sector 31-33-Manufacturing,Subsector 311-Food Manufacturing
500449995,"Ream, Norman B.",Pullman Company,Sector 31-33-Manufacturing,Subsector 336-Transportation Equipment Manufacturing
500449995,"Ream, Norman B.",National Biscuit Company,Sector 31-33-Manufacturing,Subsector 311-Food Manufacturing
500449995,"Ream, Norman B.",United States Steel Corporation,Sector 31-33-Manufacturing,Subsector 331-Primary Metal Manufacturing
500449995,"Ream, Norman B.",Baltimore and Ohio Railroad,Sector 48-49-Transportation and Warehousing,Subsector 482-Rail Transportation
500449995,"Ream, Norman B.",Pere Marquette Railway,Sector 48-49-Transportation and Warehousing,Subsector 482-Rail Transportation
500449995,"Ream, Norman B.",Erie Railroad,Sector 48-49-Transportation and Warehousing,Subsector 482-Rail Transportation
500449995,"Ream, Norman B.",Illinois Central Railroad,Sector 48-49-Transportation and Warehousing,Subsector 482-Rail Transportation
500449995,"Ream, Norman B.",Seaboard Airline Railroad,Sector 48-49-Transportation and Warehousing,Subsector 482-Rail Transportation
500449995,"Ream, Norman B.",First National Bank,Sector 52-Finance and Insurance,Subsector 522-Credit Intermediation and Related Activities
500449995,"Ream, Norman B.",Western Fire Insurance Company,Sector 52-Finance and Insurance,Subsector 524-Insurance Carriers and Related Activities
500449995,"Ream, Norman B.",New York Trust Company,Sector 52-Finance and Insurance,"Subsector 525-Funds, Trusts, and Other Financial Vehicles"
500449995,"Ream, Norman B.",Metropolitan Trust Company,Sector 52-Finance and Insurance,"Subsector 525-Funds, Trusts, and Other Financial Vehicles"
500449995,"Ream, Norman B.",Fidelity Phoenix Insurance Company,Sector 52-Finance and Insurance,Subsector 524-Insurance Carriers and Related Activities
500449995,"Ream, Norman B.",Equitable Life Assurance Society,Sector 52-Finance and Insurance,Subsector 524-Insurance Carriers and Related Activities
500449995,"Ream, Norman B.",New York Stock Exchange,Sector 52-Finance and Insurance,"Subsector 523-Securities, Commodity Contracts, and Other Financial Investments and Related Activities"
500449995,"Ream, Norman B.",Grain Commission Merchant,Sector 42-Wholesale Trade,"Subsector 424-Merchant Wholesalers, Nondurable Goods"
500449995,"Ream, Norman B.",Livestock Commission Merchant,Sector 42-Wholesale Trade,"Subsector 424-Merchant Wholesalers, Nondurable Goods"
500448080,"Reisinger, Hugo",Linde Air Products Company of New York,Sector 31-33-Manufacturing,Subsector 325-Chemical Manufacturing
500448080,"Reisinger, Hugo",Owens European Bottle Machine Company,Sector 31-33-Manufacturing,Subsector 327-Nonmetallic Mineral Product Manufacturing
500448080,"Reisinger, Hugo",Siemens Glass Works,Sector 31-33-Manufacturing,Subsector 327-Nonmetallic Mineral Product Manufacturing
500447943,"Rockefeller, William Avery Jr.",Standard Oil,"Sector 21-Mining, Quarrying, and Oil and Gas Extraction",Subsector 211-Oil and Gas Extraction
500447943,"Rockefeller, William Avery Jr.",Rockefeller and Andrews,Sector 31-33-Manufacturing,Subsector 324-Petroleum and Coal Products Manufacturing
500447943,"Rockefeller, William Avery Jr.",Rockefeller and Company,Sector 52-Finance and Insurance,"Subsector 523-Securities, Commodity Contracts, and Other Financial Investments and Related Activities"
500447943,"Rockefeller, William Avery Jr.",Anaconda Copper Mining Company,"Sector 21-Mining, Quarrying, and Oil and Gas Extraction",Subsector 212-Mining (except Oil and Gas)
500447943,"Rockefeller, William Avery Jr.",Consolidated Gas Company,Sector 22-Utilities,Subsector 221-Utilities
500447943,"Rockefeller, William Avery Jr.",United States Trust Company,Sector 52-Finance and Insurance,"Subsector 525-Funds, Trusts, and Other Financial Vehicles"
500447943,"Rockefeller, William Avery Jr.",Hughes and Rockefeller,Sector 42-Wholesale Trade,"Subsector 424-Merchant Wholesalers, Nondurable Goods"
500447943,"Rockefeller, William Avery Jr.",William A. Rockefeller and Company,"Sector 21-Mining, Quarrying, and Oil and Gas Extraction",Subsector 211-Oil and Gas Extraction
500447943,"Rockefeller, William Avery Jr.",National City Bank of New York,Sector 52-Finance and Insurance,Subsector 522-Credit Intermediation and Related Activities
500447943,"Rockefeller, William Avery Jr.",Hanover National Bank,Sector 52-Finance and Insurance,Subsector 522-Credit Intermediation and Related Activities
500447943,"Rockefeller, William Avery Jr.",Brooklyn Union Gas Company,Sector 22-Utilities,Subsector 221-Utilities
500447943,"Rockefeller, William Avery Jr.",Central New England Railway Company,Sector 48-49-Transportation and Warehousing,Subsector 482-Rail Transportation
500447943,"Rockefeller, William Avery Jr.","Chicago, Milwaukee, and St. Paul Railway Company",Sector 48-49-Transportation and Warehousing,Subsector 482-Rail Transportation
500447943,"Rockefeller, William Avery Jr.",City and County Contract Company,Sector 23-Construction,Subsector 238-Specialty Trade Contractors
500447943,"Rockefeller, William Avery Jr.","Cleveland, Cincinnati, Chicago, and St. Louis Railway Company",Sector 48-49-Transportation and Warehousing,Subsector 482-Rail Transportation
500447943,"Rockefeller, William Avery Jr.","Dunkirk, Allegheny Valley, and Pittsburgh Railroad Company",Sector 48-49-Transportation and Warehousing,Subsector 482-Rail Transportation
500447943,"Rockefeller, William Avery Jr.","Geneva, Corning, and Southern Railroad Company",Sector 48-49-Transportation and Warehousing,Subsector 482-Rail Transportation
500447943,"Rockefeller, William Avery Jr.",Harlem River and Port Chester Railway Company,Sector 48-49-Transportation and Warehousing,Subsector 482-Rail Transportation
500447943,"Rockefeller, William Avery Jr.",Hartford and Connecticut Western Railroad Company,Sector 48-49-Transportation and Warehousing,Subsector 482-Rail Transportation
500447943,"Rockefeller, William Avery Jr.",Lake Erie and Western Railroad Company,Sector 48-49-Transportation and Warehousing,Subsector 482-Rail Transportation
500447943,"Rockefeller, William Avery Jr.",Lake Shore and Michigan Southern Railroad Company,Sector 48-49-Transportation and Warehousing,Subsector 482-Rail Transportation
500447943,"Rockefeller, William Avery Jr.",Michigan Central Railroad Company,Sector 48-49-Transportation and Warehousing,Subsector 482-Rail Transportation
500447943,"Rockefeller, William Avery Jr.",Milbrook Company,Sector 48-49-Transportation and Warehousing,Subsector 482-Rail Transportation
500447943,"Rockefeller, William Avery Jr.",Mohawk and Malone Railroad Company,Sector 48-49-Transportation and Warehousing,Subsector 482-Rail Transportation
500447943,"Rockefeller, William Avery Jr.",New England Navigation Company,Sector 48-49-Transportation and Warehousing,Subsector 483-Water Transportation
500447943,"Rockefeller, William Avery Jr.",New York and Harlem River Railroad Company,Sector 48-49-Transportation and Warehousing,Subsector 482-Rail Transportation
500447943,"Rockefeller, William Avery Jr.",New York and Ottawa Railway Company,Sector 48-49-Transportation and Warehousing,Subsector 482-Rail Transportation
500447943,"Rockefeller, William Avery Jr.",New York and Putnam Railroad Company,Sector 48-49-Transportation and Warehousing,Subsector 482-Rail Transportation
500447943,"Rockefeller, William Avery Jr.",New York Central and Hudson River Railroad Company,Sector 48-49-Transportation and Warehousing,Subsector 482-Rail Transportation
500447943,"Rockefeller, William Avery Jr.","New York, Chicago, and St. Louis Railroad Company",Sector 48-49-Transportation and Warehousing,Subsector 482-Rail Transportation
500447943,"Rockefeller, William Avery Jr.",New York Edison Company,Sector 22-Utilities,Subsector 221-Utilities
500447943,"Rockefeller, William Avery Jr.",New York Mutual Gas Light Company,Sector 22-Utilities,Subsector 221-Utilities
500447943,"Rockefeller, William Avery Jr.","New York, New Haven, and Hartford Railroad",Sector 48-49-Transportation and Warehousing,Subsector 482-Rail Transportation
500447943,"Rockefeller, William Avery Jr.","New York, Ontario, and Western Railway Company",Sector 48-49-Transportation and Warehousing,Subsector 482-Rail Transportation
500447943,"Rockefeller, William Avery Jr.",New York State Realty and Terminal Company,Sector 48-49-Transportation and Warehousing,Subsector 482-Rail Transportation
500447943,"Rockefeller, William Avery Jr.","New York, Westchester, and Boston Railway Company",Sector 48-49-Transportation and Warehousing,Subsector 482-Rail Transportation
500447943,"Rockefeller, William Avery Jr.",Oregon Shortline Railroad Company,Sector 48-49-Transportation and Warehousing,Subsector 482-Rail Transportation
500447943,"Rockefeller, William Avery Jr.",Pittsburgh and Lake Erie Railway Company,Sector 48-49-Transportation and Warehousing,Subsector 482-Rail Transportation
500447943,"Rockefeller, William Avery Jr.",Poughkeepsie Bridge Railroad Company,Sector 48-49-Transportation and Warehousing,Subsector 482-Rail Transportation
500447943,"Rockefeller, William Avery Jr.",Rutland Railroad Company,Sector 48-49-Transportation and Warehousing,Subsector 482-Rail Transportation
500447943,"Rockefeller, William Avery Jr.",St. Lawrence and Adirondak Railway Company,Sector 48-49-Transportation and Warehousing,Subsector 482-Rail Transportation
500447943,"Rockefeller, William Avery Jr.",Southern Pacific Railroad Company,Sector 48-49-Transportation and Warehousing,Subsector 482-Rail Transportation
500447943,"Rockefeller, William Avery Jr.",Union Pacific Railroad Company,Sector 48-49-Transportation and Warehousing,Subsector 482-Rail Transportation
500447943,"Rockefeller, William Avery Jr.",United Metals Selling Company,Sector 42-Wholesale Trade,"Subsector 423-Merchant Wholesalers, Durable Goods"
500447943,"Rockefeller, William Avery Jr.",West Shore Railroad Company,Sector 48-49-Transportation and Warehousing,Subsector 482-Rail Transportation
500447943,"Rockefeller, William Avery Jr.","Delaware, Lackawanna and Western Railroad",Sector 48-49-Transportation and Warehousing,Subsector 482-Rail Transportation
500447561,"Sloane, William Douglas",Guaranty Trust Company,Sector 52-Finance and Insurance,Subsector 522-Credit Intermediation and Related Activities
500447561,"Sloane, William Douglas",National City Bank,Sector 52-Finance and Insurance,Subsector 522-Credit Intermediation and Related Activities
500447561,"Sloane, William Douglas",W. and J. Sloane,Sector 42-Wholesale Trade,"Subsector 423-Merchant Wholesalers, Durable Goods"
500447561,"Sloane, William Douglas",City and Suburban Homes Company,Sector 62-Health Care and Social Assistance,Subsector 624-Social Assistance
500447561,"Sloane, William Douglas",Central and South American Telegraph Company,Sector 51-Information,Subsector 517-Telecommunications
500447561,"Sloane, William Douglas",United States Trust Company,Sector 52-Finance and Insurance,"Subsector 525-Funds, Trusts, and Other Financial Vehicles"
500447561,"Sloane, William Douglas",Eastern Steel Company,Sector 31-33-Manufacturing,Subsector 331-Primary Metal Manufacturing
500447561,"Sloane, William Douglas",Guaranty Safe Deposit Company,Sector 52-Finance and Insurance,Subsector 522-Credit Intermediation and Related Activities
500447561,"Sloane, William Douglas",Mahoning Railroad Company,Sector 48-49-Transportation and Warehousing,Subsector 482-Rail Transportation
500447561,"Sloane, William Douglas",Greenwich Savings Bank,Sector 52-Finance and Insurance,Subsector 522-Credit Intermediation and Related Activities
500443775,"Spoor, John A.",Wagner Palace Car Company,Sector 31-33-Manufacturing,Subsector 336-Transportation Equipment Manufacturing
500443775,"Spoor, John A.",Union Stockyards and Transit Company,Sector 31-33-Manufacturing,Subsector 311-Food Manufacturing
500443775,"Spoor, John A.",First National Bank,Sector 52-Finance and Insurance,Subsector 522-Credit Intermediation and Related Activities
500445305,"Stillman, James",National City Bank,Sector 52-Finance and Insurance,Subsector 522-Credit Intermediation and Related Activities
500445305,"Stillman, James",Fidelity Bank,Sector 52-Finance and Insurance,Subsector 522-Credit Intermediation and Related Activities
500445305,"Stillman, James","Delaware, Lackawanna and Western Coal Company","Sector 21-Mining, Quarrying, and Oil and Gas Extraction",Subsector 212-Mining (except Oil and Gas)
500445305,"Stillman, James",Farmer's Loan and Trust Company,Sector 52-Finance and Insurance,"Subsector 525-Funds, Trusts, and Other Financial Vehicles"
500445305,"Stillman, James",Fifth Avenue Safe Deposit Company,Sector 52-Finance and Insurance,Subsector 522-Credit Intermediation and Related Activities
500445305,"Stillman, James",Second National Bank of the City of New York,Sector 52-Finance and Insurance,Subsector 522-Credit Intermediation and Related Activities
500447019,"Terry, John T.",E.D. Morgan and Company,Sector 44-45-Retail Trade,Subsector 452-General Merchandise Stores
500447019,"Terry, John T.",American Exchange National Bank,Sector 52-Finance and Insurance,Subsector 522-Credit Intermediation and Related Activities
500447019,"Terry, John T.",Metropolitan Trust Company,Sector 52-Finance and Insurance,"Subsector 525-Funds, Trusts, and Other Financial Vehicles"
500447019,"Terry, John T.",Commercial Union Assurance Company,Sector 52-Finance and Insurance,Subsector 524-Insurance Carriers and Related Activities
500447019,"Terry, John T.",Commercial Union Fire Insurance of New York,Sector 52-Finance and Insurance,Subsector 524-Insurance Carriers and Related Activities
500447019,"Terry, John T.",International Ocean Telegraph Company,Sector 51-Information,Subsector 517-Telecommunications
500447019,"Terry, John T.",Manhatten Railway Company,Sector 48-49-Transportation and Warehousing,Subsector 482-Rail Transportation
500447019,"Terry, John T.",Mercantile Trust Company,Sector 52-Finance and Insurance,"Subsector 525-Funds, Trusts, and Other Financial Vehicles"
500447019,"Terry, John T.",Wabash Railroad Company,Sector 48-49-Transportation and Warehousing,Subsector 482-Rail Transportation
500447019,"Terry, John T.",United States Telegraphy Company,Sector 51-Information,Subsector 517-Telecommunications
500447019,"Terry, John T.",Western Union Telegraph Company,Sector 51-Information,Subsector 517-Telecommunications
500443864,"Tousey, Sinclair",Ross and Tousey,Sector 51-Information,Subsector 511-Publishing Industries (except Internet)
500443864,"Tousey, Sinclair",American News Company,Sector 51-Information,Subsector 511-Publishing Industries (except Internet)
500443864,"Tousey, Sinclair",Evening Star Newspaper,Sector 51-Information,Subsector 511-Publishing Industries (except Internet)
500443864,"Tousey, Sinclair",Jeffersonian Newspaper,Sector 51-Information,Subsector 511-Publishing Industries (except Internet)
500443864,"Tousey, Sinclair",New York Herald,Sector 51-Information,Subsector 511-Publishing Industries (except Internet)
500443864,"Tousey, Sinclair",Atlantic Savings Bank,Sector 52-Finance and Insurance,Subsector 522-Credit Intermediation and Related Activities
500448430,"Valentine, P.A.",National City Bank,Sector 52-Finance and Insurance,Subsector 522-Credit Intermediation and Related Activities
500448430,"Valentine, P.A.",Central Leather Company,Sector 31-33-Manufacturing,Subsector 316-Leather and Allied Product Manufacturing
500448430,"Valentine, P.A.",United States Realty and Improvement Company,Sector 53-Real Estate and Rental and Leasing,Subsector 531-Real Estate
500448430,"Valentine, P.A.",United States Leather Company,Sector 31-33-Manufacturing,Subsector 316-Leather and Allied Product Manufacturing
500448430,"Valentine, P.A.",Susquehanna and New York Railroad,Sector 48-49-Transportation and Warehousing,Subsector 482-Rail Transportation
500448430,"Valentine, P.A.",Tionesta Valley Railway,Sector 48-49-Transportation and Warehousing,Subsector 482-Rail Transportation
500448430,"Valentine, P.A.",Union Tanning Company,Sector 31-33-Manufacturing,Subsector 316-Leather and Allied Product Manufacturing
500447578,"Vanderbilt, Cornelius II",Shoe and Leather Bank,Sector 52-Finance and Insurance,Subsector 522-Credit Intermediation and Related Activities
500447578,"Vanderbilt, Cornelius II",Hudson River River Railroad,Sector 48-49-Transportation and Warehousing,Subsector 482-Rail Transportation
500447578,"Vanderbilt, Cornelius II",New York and Harlem Railroad,Sector 48-49-Transportation and Warehousing,Subsector 482-Rail Transportation
500447578,"Vanderbilt, Cornelius II",Michigan Central Railroad,Sector 48-49-Transportation and Warehousing,Subsector 482-Rail Transportation
500447578,"Vanderbilt, Cornelius II",Kissam Brothers,Sector 52-Finance and Insurance,Subsector 522-Credit Intermediation and Related Activities
500447578,"Vanderbilt, Cornelius II",Canada Southern Railway,Sector 48-49-Transportation and Warehousing,Subsector 482-Rail Transportation
500447578,"Vanderbilt, Cornelius II",New York Central Railroad,Sector 48-49-Transportation and Warehousing,Subsector 482-Rail Transportation
500447578,"Vanderbilt, Cornelius II",Michigan Central Railroad,Sector 48-49-Transportation and Warehousing,Subsector 482-Rail Transportation
500447578,"Vanderbilt, Cornelius II",West Shore Railroad,Sector 48-49-Transportation and Warehousing,Subsector 482-Rail Transportation
500447578,"Vanderbilt, Cornelius II",Lake Shore and Michigan Southern Railway,Sector 48-49-Transportation and Warehousing,Subsector 482-Rail Transportation
500447578,"Vanderbilt, Cornelius II",Chicago and North Western Railway,Sector 48-49-Transportation and Warehousing,Subsector 482-Rail Transportation
500447578,"Vanderbilt, Cornelius II","Cleveland, Cincinnati, Chicago and St. Louis Railway",Sector 48-49-Transportation and Warehousing,Subsector 482-Rail Transportation
500447578,"Vanderbilt, Cornelius II","New York, Chicago and St. Louis Railroad",Sector 48-49-Transportation and Warehousing,Subsector 482-Rail Transportation
500447578,"Vanderbilt, Cornelius II","Rome, Watertown and Ogdensburg Railroad",Sector 48-49-Transportation and Warehousing,Subsector 482-Rail Transportation
500447578,"Vanderbilt, Cornelius II",Adirondack and St. Lawrence Railroad,Sector 48-49-Transportation and Warehousing,Subsector 482-Rail Transportation
500447578,"Vanderbilt, Cornelius II",Boston and Albany Railroad,Sector 48-49-Transportation and Warehousing,Subsector 482-Rail Transportation
500447578,"Vanderbilt, Cornelius II",Union Trust Company,Sector 52-Finance and Insurance,"Subsector 525-Funds, Trusts, and Other Financial Vehicles"
500443436,"Allen, George L.",Fulton Iron Works,Sector 31-33-Manufacturing,Subsector 332-Fabricated Metal Product Manufacturing
500444042,"Armour, George A.",,,
500313616,"Astor, William",Waldorf-Astoria Hotel,Sector 72-Accommodation and Food Services,Subsector 721-Accommodation
500313616,"Astor, William",New York State Assembly,Sector 92-Public Administration,"Subsector 921-Executive, Legislative, and Other General Government Support"
500313616,"Astor, William",U.S. Minister to Italy,Sector 92-Public Administration,Subsector 928-National Security and International Affairs
500313616,"Astor, William",New York State Senate,Sector 92-Public Administration,"Subsector 921-Executive, Legislative, and Other General Government Support"
500313616,"Astor, William",Pall Mall Gazette,Sector 51-Information,Subsector 511-Publishing Industries (except Internet)
500313616,"Astor, William",Pall Mall Magazine,Sector 51-Information,Subsector 511-Publishing Industries (except Internet)
500313616,"Astor, William",The Observer,Sector 51-Information,Subsector 511-Publishing Industries (except Internet)
500313616,"Astor, William",Author,"Sector 71-Arts, Entertainment, and Recreation","Subsector 711-Performing Arts, Spectator Sports, and Related Industries"
500313616,"Astor, William","The Waldorf Hotel, London",Sector 72-Accommodation and Food Services,Subsector 721-Accommodation
500447002,"Barger, Samuel F.",Aaron S. Pennington Law Office,"Sector 54-Professional, Scientific, and Technical Services","Subsector 541-Professional, Scientific, and Technical Services"
500447002,"Barger, Samuel F.",New York Central and Hudson River Railroad,Sector 48-49-Transportation and Warehousing,Subsector 482-Rail Transportation
500447002,"Barger, Samuel F.",New York and Harlem River Railroad,Sector 48-49-Transportation and Warehousing,Subsector 482-Rail Transportation
500447002,"Barger, Samuel F.",Lake Shore and Michigan Southern,Sector 48-49-Transportation and Warehousing,Subsector 482-Rail Transportation
500447002,"Barger, Samuel F.",Michigan Central Railroad,Sector 48-49-Transportation and Warehousing,Subsector 482-Rail Transportation
500447002,"Barger, Samuel F.",Detroit and Chicago Railroad,Sector 48-49-Transportation and Warehousing,Subsector 482-Rail Transportation
500447002,"Barger, Samuel F.",Canada Southern Railway Company,Sector 48-49-Transportation and Warehousing,Subsector 482-Rail Transportation
500447002,"Barger, Samuel F.",West Shore Railroad,Sector 48-49-Transportation and Warehousing,Subsector 482-Rail Transportation
500447002,"Barger, Samuel F.",Wagner Palace Car Company,Sector 31-33-Manufacturing,Subsector 336-Transportation Equipment Manufacturing
500447002,"Barger, Samuel F.",Union Trust Company,Sector 52-Finance and Insurance,"Subsector 525-Funds, Trusts, and Other Financial Vehicles"
500447002,"Barger, Samuel F.",Western Union Telegraph Company,Sector 51-Information,Subsector 517-Telecommunications
none,"Bartlett, Francis",Financier,Sector 52-Finance and Insurance,Subsector 522-Credit Intermediation and Related Activities
none,"Bartlett, Francis",Lawyer,"Sector 54-Professional, Scientific, and Technical Services","Subsector 541-Professional, Scientific, and Technical Services"
500446563,"Bennett, James Gordon Jr.",New York Herald,Sector 51-Information,Subsector 511-Publishing Industries (except Internet)
500446563,"Bennett, James Gordon Jr.",The Evening Telegram,Sector 51-Information,Subsector 511-Publishing Industries (except Internet)
500446563,"Bennett, James Gordon Jr.",The Paris Herald,Sector 51-Information,Subsector 511-Publishing Industries (except Internet)
500446563,"Bennett, James Gordon Jr.",Commercial Cable Company,Sector 51-Information,Subsector 517-Telecommunications
500434760,"Bixby, William K.",International & Great North Pacific Railroad,Sector 48-49-Transportation and Warehousing,Subsector 482-Rail Transportation
500434760,"Bixby, William K.",American Car & Foundry Company,Sector 31-33-Manufacturing,Subsector 336-Transportation Equipment Manufacturing
500434760,"Bixby, William K.",Missouri Pacific Railroad,Sector 48-49-Transportation and Warehousing,Subsector 482-Rail Transportation
500434760,"Bixby, William K.",Laclede Gas and Light Company,Sector 22-Utilities,Subsector 221-Utilities
500434760,"Bixby, William K.",Wabash Railroad,Sector 48-49-Transportation and Warehousing,Subsector 482-Rail Transportation
500434760,"Bixby, William K.",St. Louis Union Trust Company,Sector 52-Finance and Insurance,"Subsector 525-Funds, Trusts, and Other Financial Vehicles"
500434760,"Bixby, William K.",First National Bank of St. Louis,Sector 52-Finance and Insurance,Subsector 522-Credit Intermediation and Related Activities
500449338,"Catlin, Daniel",Catlin Tobacco Factory,Sector 31-33-Manufacturing,Subsector 312-Beverage and Tobacco Product Manufacturing
500449338,"Catlin, Daniel",American Tobacco Company,Sector 31-33-Manufacturing,Subsector 312-Beverage and Tobacco Product Manufacturing
500449338,"Catlin, Daniel",St. Louis Trust Company,Sector 52-Finance and Insurance,"Subsector 525-Funds, Trusts, and Other Financial Vehicles"
500449338,"Catlin, Daniel",St. Louis Union Trust Company,Sector 52-Finance and Insurance,"Subsector 525-Funds, Trusts, and Other Financial Vehicles"
500449338,"Catlin, Daniel",State Bank,Sector 52-Finance and Insurance,Subsector 522-Credit Intermediation and Related Activities
500446939,"Clark, George Crawford","Clark, Dodge & Company Bankers",Sector 52-Finance and Insurance,Subsector 522-Credit Intermediation and Related Activities
500443524,"Comstock, William C.",Chicago Board of Trade,Sector 52-Finance and Insurance,"Subsector 523-Securities, Commodity Contracts, and Other Financial Investments and Related Activities"
500443524,"Comstock, William C.",Winter Park Land Company,Sector 53-Real Estate and Rental and Leasing,Subsector 531-Real Estate
500443524,"Comstock, William C.",Rollins College,Sector 61-Educational Services,Subsector 611-Educational Services
500103961,"Deering, Charles",International Harvester Company,Sector 31-33-Manufacturing,Subsector 333-Machinery Manufacturing
500103961,"Deering, Charles",Deering Harvester Company,Sector 31-33-Manufacturing,Subsector 333-Machinery Manufacturing
500435616,"Edwards, Robert J.",Middlesex Centrail Railroad Company,,
none,"Gould, Helen",American Bible Society,Sector 81-Other Services (except Public Administration),"Subsector 813-Religious, Grantmaking, Civic, Professional, and Similar Organizations"
none,"Gould, Helen",Women's National War Relief Association,Sector 81-Other Services (except Public Administration),"Subsector 813-Religious, Grantmaking, Civic, Professional, and Similar Organizations"
none,"Gould, Helen",Russell Sage Foundation,Sector 81-Other Services (except Public Administration),"Subsector 813-Religious, Grantmaking, Civic, Professional, and Similar Organizations"
500443189,"Gunsaulus, Dr. Frank W.",Armour Institute of Technology,Sector 61-Educational Services,Subsector 611-Educational Services
500443189,"Gunsaulus, Dr. Frank W.",Plymouth Church,Sector 81-Other Services (except Public Administration),"Subsector 813-Religious, Grantmaking, Civic, Professional, and Similar Organizations"
500443189,"Gunsaulus, Dr. Frank W.",Central Church,Sector 81-Other Services (except Public Administration),"Subsector 813-Religious, Grantmaking, Civic, Professional, and Similar Organizations"
500443189,"Gunsaulus, Dr. Frank W.",Eastwood Congregational Church,Sector 81-Other Services (except Public Administration),"Subsector 813-Religious, Grantmaking, Civic, Professional, and Similar Organizations"
500443189,"Gunsaulus, Dr. Frank W.",Yale Theological Sseminary,Sector 61-Educational Services,Subsector 611-Educational Services
500443189,"Gunsaulus, Dr. Frank W.",University of Chicago,Sector 61-Educational Services,Subsector 611-Educational Services
500443189,"Gunsaulus, Dr. Frank W.",Chicago Theological Seminary,Sector 61-Educational Services,Subsector 611-Educational Services
500443189,"Gunsaulus, Dr. Frank W.",McCormick Theological Seminary,Sector 61-Educational Services,Subsector 611-Educational Services
500443189,"Gunsaulus, Dr. Frank W.",Brown Memorial Church,Sector 81-Other Services (except Public Administration),"Subsector 813-Religious, Grantmaking, Civic, Professional, and Similar Organizations"
500443189,"Gunsaulus, Dr. Frank W.",Ohio Wesleyan University,Sector 61-Educational Services,Subsector 611-Educational Services
500443189,"Gunsaulus, Dr. Frank W.",Miami University,Sector 61-Educational Services,Subsector 611-Educational Services
500443189,"Gunsaulus, Dr. Frank W.",Johns Hopkins University,Sector 61-Educational Services,Subsector 611-Educational Services
500448263,"Harkness, Edward",Southern Pacific Railroad,Sector 48-49-Transportation and Warehousing,Subsector 482-Rail Transportation
500448263,"Harkness, Edward",New York Central Lines,Sector 48-49-Transportation and Warehousing,Subsector 482-Rail Transportation
500448263,"Harkness, Edward",Michigan Central Railroad,Sector 48-49-Transportation and Warehousing,Subsector 482-Rail Transportation
500448263,"Harkness, Edward","Cleveland, Cincinnati, Chicago and St. Louis Railway",Sector 48-49-Transportation and Warehousing,Subsector 482-Rail Transportation
500448263,"Harkness, Edward",West Shore Railroad,Sector 48-49-Transportation and Warehousing,Subsector 482-Rail Transportation
500448263,"Harkness, Edward",Wallkill Valley Railroad,Sector 48-49-Transportation and Warehousing,Subsector 482-Rail Transportation
500448263,"Harkness, Edward",Detroit Tunnel Company,Sector 23-Construction,Subsector 237-Heavy and Civil Engineering Construction
500443529,"Healy, Aaron Augustus",A. Olivotti & Company,Sector 44-45-Retail Trade,Subsector 453-Miscellaneous Store Retailers
500443529,"Healy, Aaron Augustus",A. Healy & Sons,Sector 31-33-Manufacturing,Subsector 316-Leather and Allied Product Manufacturing
500443529,"Healy, Aaron Augustus",Central Leather Company,Sector 31-33-Manufacturing,Subsector 316-Leather and Allied Product Manufacturing
500443529,"Healy, Aaron Augustus",Internal Revenue Service,Sector 92-Public Administration,"Subsector 921-Executive, Legislative, and Other General Government Support"
500443586,"Hutchinson, William J.","International Nickel Company of Canada, Ltd","Sector 21-Mining, Quarrying, and Oil and Gas Extraction",Subsector 212-Mining (except Oil and Gas)
500443586,"Hutchinson, William J.","International Nickel Company, Inc.","Sector 21-Mining, Quarrying, and Oil and Gas Extraction",Subsector 212-Mining (except Oil and Gas)
500443586,"Hutchinson, William J.",Cyprus J. Lawrence & Sons,Sector 52-Finance and Insurance,"Subsector 523-Securities, Commodity Contracts, and Other Financial Investments and Related Activities"
500443586,"Hutchinson, William J.",American Potash and Chemical Corporation,Sector 31-33-Manufacturing,Subsector 325-Chemical Manufacturing
500443586,"Hutchinson, William J.",Prudential Insurance Company of Great Britain,Sector 52-Finance and Insurance,Subsector 524-Insurance Carriers and Related Activities
500443586,"Hutchinson, William J.",Skandia Insurance Company of Sweden,Sector 52-Finance and Insurance,Subsector 524-Insurance Carriers and Related Activities
500443586,"Hutchinson, William J.","Whitehead Metals, Inc.",Sector 31-33-Manufacturing,Subsector 332-Fabricated Metal Product Manufacturing
500443586,"Hutchinson, William J.",New York-Alaska Gold Dredging Corporation,"Sector 21-Mining, Quarrying, and Oil and Gas Extraction",Subsector 212-Mining (except Oil and Gas)
500443465,"Jewett, William Kennon",London Gold Mines Company,"Sector 21-Mining, Quarrying, and Oil and Gas Extraction",Subsector 212-Mining (except Oil and Gas)
500443465,"Jewett, William Kennon",Erie Railroad,Sector 48-49-Transportation and Warehousing,Subsector 482-Rail Transportation
500443465,"Jewett, William Kennon",Charles Pratt and Company,"Sector 21-Mining, Quarrying, and Oil and Gas Extraction",Subsector 211-Oil and Gas Extraction
500443465,"Jewett, William Kennon",Pintsch Lighting Company of New York,Sector 31-33-Manufacturing,"Subsector 335-Electrical Equipment, Appliance, and Component Manufacturing"
500443465,"Jewett, William Kennon",Windsor Locks Steel Co,Sector 31-33-Manufacturing,Subsector 331-Primary Metal Manufacturing
500443465,"Jewett, William Kennon",Colorado Springs Trust Company,Sector 52-Finance and Insurance,"Subsector 525-Funds, Trusts, and Other Financial Vehicles"
500443465,"Jewett, William Kennon",Colorado Springs National Bank,Sector 52-Finance and Insurance,Subsector 522-Credit Intermediation and Related Activities
500320203,"Johnson, John G.",Benjamin & Murray Rush,"Sector 54-Professional, Scientific, and Technical Services","Subsector 541-Professional, Scientific, and Technical Services"
500320203,"Johnson, John G.",Corporation lawyer,"Sector 54-Professional, Scientific, and Technical Services","Subsector 541-Professional, Scientific, and Technical Services"
500441282,"Lewisohn, Adolph",Adolph Lewisohn & Son,Sector 42-Wholesale Trade,"Subsector 424-Merchant Wholesalers, Nondurable Goods"
500441282,"Lewisohn, Adolph",Tennessee Copper and Chemical Corporation,,
500441282,"Lewisohn, Adolph",General Development Company,"Sector 21-Mining, Quarrying, and Oil and Gas Extraction",Subsector 212-Mining (except Oil and Gas)
500441282,"Lewisohn, Adolph",Miami Copper Company,"Sector 21-Mining, Quarrying, and Oil and Gas Extraction",Subsector 212-Mining (except Oil and Gas)
500441282,"Lewisohn, Adolph",South American Gold and Platinum Company,"Sector 21-Mining, Quarrying, and Oil and Gas Extraction",Subsector 212-Mining (except Oil and Gas)
500446933,"Martin, Bradley",Member of the New York bar,"Sector 54-Professional, Scientific, and Technical Services","Subsector 541-Professional, Scientific, and Technical Services"
500443877,"McAlpin, David H.",Bellevue Hospital,Sector 62-Health Care and Social Assistance,Subsector 622-Hospitals
500443877,"McAlpin, David H.",D.H. McAlpin & Co.,Sector 31-33-Manufacturing,Subsector 312-Beverage and Tobacco Product Manufacturing
500443877,"McAlpin, David H.",Almshouse Hospital,Sector 62-Health Care and Social Assistance,Subsector 622-Hospitals
500443877,"McAlpin, David H.",Workhouse Hospital,Sector 62-Health Care and Social Assistance,Subsector 622-Hospitals
500443877,"McAlpin, David H.",City Hospital,Sector 62-Health Care and Social Assistance,Subsector 622-Hospitals
500435413,"Morgan, J. Pierpont, Jr.",Junius S. Morgan & Company,Sector 52-Finance and Insurance,Subsector 522-Credit Intermediation and Related Activities
500435413,"Morgan, J. Pierpont, Jr.",J.P. Morgan & Co.,Sector 52-Finance and Insurance,Subsector 522-Credit Intermediation and Related Activities
500435413,"Morgan, J. Pierpont, Jr.",United States Steel Corporation,Sector 31-33-Manufacturing,Subsector 331-Primary Metal Manufacturing
500435413,"Morgan, J. Pierpont, Jr.",Pullman Company,Sector 31-33-Manufacturing,Subsector 336-Transportation Equipment Manufacturing
500435413,"Morgan, J. Pierpont, Jr.",Aetna Insurance Company,Sector 52-Finance and Insurance,Subsector 524-Insurance Carriers and Related Activities
500435413,"Morgan, J. Pierpont, Jr.",Northern Pacific Railway Company,Sector 48-49-Transportation and Warehousing,Subsector 482-Rail Transportation
500435413,"Morgan, J. Pierpont, Jr.",First Security Company of the City of New York,Sector 52-Finance and Insurance,Subsector 524-Insurance Carriers and Related Activities
500435413,"Morgan, J. Pierpont, Jr.",International Mercantile Marine Company,Sector 48-49-Transportation and Warehousing,Subsector 483-Water Transportation
500435413,"Morgan, J. Pierpont, Jr.",New York and Harlem Railroad,Sector 48-49-Transportation and Warehousing,Subsector 482-Rail Transportation
500435413,"Morgan, J. Pierpont, Jr.",Acadia Coal Company,"Sector 21-Mining, Quarrying, and Oil and Gas Extraction",Subsector 212-Mining (except Oil and Gas)
500448246,"Nickerson, Samuel M.","First National Bank, Chicago",Sector 52-Finance and Insurance,Subsector 522-Credit Intermediation and Related Activities
500448246,"Nickerson, Samuel M.",Chicago City Railway Company,Sector 48-49-Transportation and Warehousing,Subsector 482-Rail Transportation
500448246,"Nickerson, Samuel M.",Union Stockyards National Bank of Chicago,Sector 52-Finance and Insurance,Subsector 522-Credit Intermediation and Related Activities
500446565,"Roloson, Robert W.",Chicago Stock Exchange,Sector 52-Finance and Insurance,"Subsector 523-Securities, Commodity Contracts, and Other Financial Investments and Related Activities"
500446565,"Roloson, Robert W.",Diamond Match Company,Sector 31-33-Manufacturing,Subsector 325-Chemical Manufacturing
500446565,"Roloson, Robert W.",R.W. Roloson and Co.,Sector 42-Wholesale Trade,"Subsector 424-Merchant Wholesalers, Nondurable Goods"
500448308,"Russel, Horace",Assistant District Attorney of Manhattan,Sector 92-Public Administration,"Subsector 922-Justice, Public Order, and Safety Activities"
500448308,"Russel, Horace",Judge of the Superior Court,Sector 92-Public Administration,"Subsector 922-Justice, Public Order, and Safety Activities"
500325298,"Ryerson, Martin A.",Northern Trust,Sector 52-Finance and Insurance,"Subsector 525-Funds, Trusts, and Other Financial Vehicles"
500325298,"Ryerson, Martin A.",Elgin National Watch Company,Sector 42-Wholesale Trade,"Subsector 423-Merchant Wholesalers, Durable Goods"
500325298,"Ryerson, Martin A.",Lumber business,Sector 31-33-Manufacturing,Subsector 321-Wood Product Manufacturing
500325298,"Ryerson, Martin A.",Merchants National Bank,Sector 52-Finance and Insurance,Subsector 522-Credit Intermediation and Related Activities
500244709,"Spaulding, William S.","Nash, Spaulding, and Co.",Sector 31-33-Manufacturing,Subsector 311-Food Manufacturing
500244709,"Spaulding, William S.",Revere Sugar Refining Company,Sector 31-33-Manufacturing,Subsector 311-Food Manufacturing
500244709,"Spaulding, William S.",Otis Elevator Company,Sector 31-33-Manufacturing,Subsector 333-Machinery Manufacturing
500244709,"Spaulding, William S.",United Fruit Company,Sector 42-Wholesale Trade,"Subsector 424-Merchant Wholesalers, Nondurable Goods"
500244709,"Spaulding, William S.",Suffolk Savings Bank,Sector 52-Finance and Insurance,Subsector 522-Credit Intermediation and Related Activities
500371585,"Vanderbilt, William Kissam",Hudson River Railroad,Sector 48-49-Transportation and Warehousing,Subsector 482-Rail Transportation
500371585,"Vanderbilt, William Kissam",New York Central and Hudson River Railroad,Sector 48-49-Transportation and Warehousing,Subsector 482-Rail Transportation
500371585,"Vanderbilt, William Kissam",Lake Shore and Michigan Southern,Sector 48-49-Transportation and Warehousing,Subsector 482-Rail Transportation
500371585,"Vanderbilt, William Kissam",Canada Southern Bridge Company,Sector 23-Construction,Subsector 237-Heavy and Civil Engineering Construction
500371585,"Vanderbilt, William Kissam",Canada Southern Railway Company,Sector 48-49-Transportation and Warehousing,Subsector 482-Rail Transportation
500371585,"Vanderbilt, William Kissam",Chicago and Northwestern Railway Company,Sector 48-49-Transportation and Warehousing,Subsector 482-Rail Transportation
500371585,"Vanderbilt, William Kissam",Chicago and State Line Railway Company,Sector 48-49-Transportation and Warehousing,Subsector 482-Rail Transportation
500371585,"Vanderbilt, William Kissam","Chicago, St. Paul, Minneapolis, and Omaha Railway Company",Sector 48-49-Transportation and Warehousing,Subsector 482-Rail Transportation
500371585,"Vanderbilt, William Kissam","Cleveland, Cincinnati, Chicago and St. Louis Railway",Sector 48-49-Transportation and Warehousing,Subsector 482-Rail Transportation
500371585,"Vanderbilt, William Kissam",Detroit River Tunnel Company,Sector 23-Construction,Subsector 237-Heavy and Civil Engineering Construction
500371585,"Vanderbilt, William Kissam","Detroit, Toledo, Milwauke Railroad",Sector 48-49-Transportation and Warehousing,Subsector 482-Rail Transportation
500371585,"Vanderbilt, William Kissam","Fort Wayne, Cincinnati, and Louisville Railroad",Sector 48-49-Transportation and Warehousing,Subsector 482-Rail Transportation
500371585,"Vanderbilt, William Kissam",Indiana Harbor Belt Railroad Company,Sector 48-49-Transportation and Warehousing,Subsector 482-Rail Transportation
500371585,"Vanderbilt, William Kissam",Lake Erie and Western Railroad Company,Sector 48-49-Transportation and Warehousing,Subsector 482-Rail Transportation
500371585,"Vanderbilt, William Kissam",Lake Island Motor Parkway,Sector 23-Construction,Subsector 237-Heavy and Civil Engineering Construction
500371585,"Vanderbilt, William Kissam",Coney Island Jokey Club,"Sector 71-Arts, Entertainment, and Recreation","Subsector 711-Performing Arts, Spectator Sports, and Related Industries"
500371585,"Vanderbilt, William Kissam",Michigan Central Railroad,Sector 48-49-Transportation and Warehousing,Subsector 482-Rail Transportation
500371585,"Vanderbilt, William Kissam",New Jersey Junction Railroad Company,Sector 48-49-Transportation and Warehousing,Subsector 482-Rail Transportation
500371585,"Vanderbilt, William Kissam",New York and Harlem Railroad,Sector 48-49-Transportation and Warehousing,Subsector 482-Rail Transportation
500371585,"Vanderbilt, William Kissam",New York State Realty and Terminal Company,Sector 48-49-Transportation and Warehousing,Subsector 482-Rail Transportation
500371585,"Vanderbilt, William Kissam",Niagra River Bridge Company,Sector 23-Construction,Subsector 237-Heavy and Civil Engineering Construction
500371585,"Vanderbilt, William Kissam",Pittsburgh and Lake Erie Railroad Company,Sector 48-49-Transportation and Warehousing,Subsector 482-Rail Transportation
500371585,"Vanderbilt, William Kissam","Pittsburgh, McKeesport, Yoghiogheny Railroad Company",Sector 48-49-Transportation and Warehousing,Subsector 482-Rail Transportation
500371585,"Vanderbilt, William Kissam",St. Lawrence and Adirondack Railway Company,Sector 48-49-Transportation and Warehousing,Subsector 482-Rail Transportation
500371585,"Vanderbilt, William Kissam",Shenango Valley Railroad Company,Sector 48-49-Transportation and Warehousing,Subsector 482-Rail Transportation
500371585,"Vanderbilt, William Kissam","Toledo, Canadian Southern, and Detroit Railway Company",Sector 48-49-Transportation and Warehousing,Subsector 482-Rail Transportation
500371585,"Vanderbilt, William Kissam",Wallkill Valley Railroad,Sector 48-49-Transportation and Warehousing,Subsector 482-Rail Transportation
500371585,"Vanderbilt, William Kissam",Westshore Valley Railway Company,Sector 48-49-Transportation and Warehousing,Subsector 482-Rail Transportation
500371585,"Vanderbilt, William Kissam",Western Trainsit Railway Company,Sector 48-49-Transportation and Warehousing,Subsector 482-Rail Transportation
500448079,"Walker, E. Chandler",Hiram Walker and Sons,Sector 31-33-Manufacturing,Subsector 312-Beverage and Tobacco Product Manufacturing
500448079,"Walker, E. Chandler",Walkerville and Lake Erie Railroad,Sector 48-49-Transportation and Warehousing,Subsector 482-Rail Transportation
500448079,"Walker, E. Chandler",Walkerville Land and Building Company,Sector 53-Real Estate and Rental and Leasing,Subsector 531-Real Estate
500448079,"Walker, E. Chandler",Walkerville Malleable Iron Company,Sector 31-33-Manufacturing,Subsector 332-Fabricated Metal Product Manufacturing
500368885,"Walters, Henry",Atlantic Coast Line Railroad,Sector 48-49-Transportation and Warehousing,Subsector 482-Rail Transportation
500368885,"Walters, Henry",Louisville and Nashville Railroad,Sector 48-49-Transportation and Warehousing,Subsector 482-Rail Transportation
500368885,"Walters, Henry",Safe Deposit and Trust Company,Sector 52-Finance and Insurance,Subsector 522-Credit Intermediation and Related Activities
500368885,"Walters, Henry",Walters Art Gallery,"Sector 71-Arts, Entertainment, and Recreation","Subsector 712-Museums, Historical Sites, and Similar Institutions"
500368885,"Walters, Henry",Valley Railroad,Sector 48-49-Transportation and Warehousing,Subsector 482-Rail Transportation
500368885,"Walters, Henry",Pittsburgh and Connellsville Railroad,Sector 48-49-Transportation and Warehousing,Subsector 482-Rail Transportation
500368885,"Walters, Henry",W.T. Walters and Co.,Sector 44-45-Retail Trade,Subsector 445-Food and Beverage Retailers
500434612,"White, George Robert",Potter Drug and Chemical Co,Sector 42-Wholesale Trade,"Subsector 424-Merchant Wholesalers, Nondurable Goods"
500434612,"White, George Robert",Weeks and Potter of Boston,Sector 42-Wholesale Trade,"Subsector 424-Merchant Wholesalers, Nondurable Goods"
500434612,"White, George Robert",First National Bank of Boston,Sector 52-Finance and Insurance,Subsector 522-Credit Intermediation and Related Activities
500447964,"Loeser, Frederick",Frederick Loeser & Co.,Sector 44-45-Retail Trade,Subsector 452-General Merchandise Stores
500447964,"Loeser, Frederick",S. M. Peyser,Sector 42-Wholesale Trade,"Subsector 424-Merchant Wholesalers, Nondurable Goods"
none,"De Silver, Carll H.",New York Stock Exchange,Sector 52-Finance and Insurance,"Subsector 523-Securities, Commodity Contracts, and Other Financial Investments and Related Activities"
none,"De Silver, Carll H.",Brooklyn Eye and Ear Hospital,Sector 62-Health Care and Social Assistance,Subsector 622-Hospitals
none,"De Silver, Carll H.",Brooklyn Academy of Music,Sector 61-Educational Services,Subsector 611-Educational Services
none,"De Silver, Carll H.",South Brooklyn Savings Institution,Sector 52-Finance and Insurance,Subsector 522-Credit Intermediation and Related Activities
none,"De Silver, Carll H.",Nassau National Bank,Sector 52-Finance and Insurance,Subsector 522-Credit Intermediation and Related Activities
500445014,"Lockwood, Luke Vincent",Lockwood and Redfield,"Sector 54-Professional, Scientific, and Technical Services","Subsector 541-Professional, Scientific, and Technical Services"
500445014,"Lockwood, Luke Vincent",Greenwich Trust Company,Sector 52-Finance and Insurance,"Subsector 523-Securities, Commodity Contracts, and Other Financial Investments and Related Activities"
500445014,"Lockwood, Luke Vincent",Greenwich News-Graphic,Sector 51-Information,Subsector 511-Publishing Industries (except Internet)
500445014,"Lockwood, Luke Vincent",Greenwich Hospital,Sector 62-Health Care and Social Assistance,Subsector 622-Hospitals
500445014,"Lockwood, Luke Vincent",Norfolk Souther Railroad,Sector 48-49-Transportation and Warehousing,Subsector 482-Rail Transportation
